,Activity,Age,Country,Fatal (Y/N),Sex,Type,Decade
0,Paddling,57,USA,N,F,Boat,2010
1,Standing,11,USA,N,F,Unprovoked,2010
2,Surfing,48,USA,N,M,Not confirmed,2010
7,Fishing,52,USA,N,M,Unprovoked,2010
8,Walking,15,USA,N,M,Unprovoked,2010
9,Standing,12,USA,N,M,Unprovoked,2010
11,Boogie boarding,10,USA,N,M,Unprovoked,2010
12,Swimming,10,USA,N,M,Unprovoked,2010
25,Body boarding,29,USA,N,M,Unprovoked,2010
35,Stand-Up Paddleboarding,25,USA,N,M,Unprovoked,2010
53,Surfing,54,USA,N,F,Unprovoked,2010
54,Surfing,35,USA,N,F,Unprovoked,2010
60,Spearfishing,25,USA,N,M,Unprovoked,2010
61,Surfing,14,USA,N,F,Unprovoked,2010
67,Stand-Up Paddleboarding,26,USA,N,M,Unprovoked,2010
69,Surfing ,17,USA,N,M,Unprovoked,2010
70,Swimming,60,USA,N,F,Unprovoked,2010
73,Swimming,26,USA,N,M,Unprovoked,2010
74,Surfing,54,USA,N,M,Unprovoked,2010
75,Snorkeling,40,USA,N,F,Unprovoked,2010
77,Surfing,26,USA,N,M,Unprovoked,2010
79,Surfing,33,USA,,M,Not confirmed,2010
80,Surfing,26,USA,N,M,Unprovoked,2010
81,Surfing,26,USA,N,M,Unprovoked,2010
83,Surfing,28,USA,N,M,Unprovoked,2010
87,Surfing,18,USA,N,M,Unprovoked,2010
93,Swimming,26,USA,N,M,Unprovoked,2010
94,Swimming,26,USA,N,F,Unprovoked,2010
95,Surfing,17,USA,N,M,Unprovoked,2010
97,Wading,3,USA,N,F,Unprovoked,2010
100,SUP,69,USA,N,M,Unprovoked,2010
102,Swimming,13,USA,N,M,Unprovoked,2010
104,Fishing,34,USA,N,M,Provoked,2010
105,Kayaking / Fishing,26,USA,N,M,Boat,2010
106,Skimboarding,15,USA,N,M,Unprovoked,2010
107,Swimming,10,USA,,M,Not confirmed,2010
108,,12,USA,N,F,Unprovoked,2010
112,,26,USA,N,F,Unprovoked,2010
114,,40,USA,N,F,Unprovoked,2010
115,Swimming,8,USA,,F,Not confirmed,2010
116,Kayaking,40,USA,N,M,Boat,2010
118,Surfing,26,USA,N,M,Unprovoked,2010
120,Kayaking,26,USA,N,M,Boat,2010
121,Swimming,46,USA,N,M,Unprovoked,2010
125,Fishing,26,USA,,M,Not confirmed,2010
126,Swimming,16,USA,N,F,Unprovoked,2010
127,Surfing,26,USA,N,M,Unprovoked,2010
128,Swimming,14,USA,N,F,Unprovoked,2010
135,Surfing,19,USA,N,M,Unprovoked,2010
137,Spearfishing,26,USA,N,M,Unprovoked,2010
139,Touching a shark,20,USA,N,F,Provoked,2010
140,Feeding sharks,26,USA,N,M,Unprovoked,2010
145,Surfing,18,USA,,F,Not confirmed,2010
146,Swimming,26,USA,N,F,Unprovoked,2010
148,Surfing,33,USA,N,F,Unprovoked,2010
151,Photo shoot,26,USA,,F,Not confirmed,2010
153,Swimming,26,USA,,M,Not confirmed,2010
154,,26,USA,N,,Unprovoked,2010
156,Surfing,28,USA,N,M,Unprovoked,2010
157,Surfing,17,USA,N,M,Unprovoked,2010
158,Surfing,26,USA,N,F,Unprovoked,2010
160,Surfing,35,USA,N,F,Unprovoked,2010
161,Paddle boarding,10,USA,N,F,Unprovoked,2010
162,Swimming,21,USA,N,F,Unprovoked,2010
163,Swimming,16,USA,N,M,Unprovoked,2010
164,Swimming,51,USA,N,F,Unprovoked,2010
166,Swimming,17,USA,N,F,Unprovoked,2010
167,Surfing,58,USA,N,M,Unprovoked,2010
169,Kayaking,26,USA,N,M,Boat,2010
176,Swimming,22,USA,N,M,Unprovoked,2010
179,Tagging sharks,26,USA,N,,Boat,2010
182,,26,USA,N,M,Unprovoked,2010
185,,26,USA,N,M,Unprovoked,2010
188,Wading,47,USA,N,M,Unprovoked,2010
190,Surfing,16,USA,N,M,Unprovoked,2010
195,Surfing,19,USA,,M,Not confirmed,2010
199,Floating,58,USA,N,F,Unprovoked,2010
200,Surfing,41,USA,N,M,Unprovoked,2010
201,Surfing,42,USA,N,M,Unprovoked,2010
203,Surfing,36,USA,N,M,Unprovoked,2010
205,Snorkeling,66,USA,N,F,Unprovoked,2010
208,Surfing,29,USA,N,M,Unprovoked,2010
209,Surfing,21,USA,N,M,Unprovoked,2010
210,Surfng,32,USA,N,M,Unprovoked,2010
212,Surfing,16,USA,N,M,Unprovoked,2010
213,Surfing,36,USA,N,M,Unprovoked,2010
214,Surfing,43,USA,N,M,Unprovoked,2010
215,Surfing,43,USA,N,M,Unprovoked,2010
219,Wading,26,USA,N,M,Unprovoked,2010
220,Swimming,51,USA,N,F,Unprovoked,2010
222,Boogie boarding,12,USA,N,F,Unprovoked,2010
224,Body boarding,9,USA,N,M,Unprovoked,2010
225,Spearfishing,22,USA,N,M,Unprovoked,2010
227,Surfing,25,USA,N,M,Unprovoked,2010
228,Surfing,37,USA,N,M,Unprovoked,2010
230,Wading,49,USA,N,M,Unprovoked,2010
232,SUP Foil boarding,21,USA,N,M,Unprovoked,2010
233,Surfing,22,USA,N,M,Unprovoked,2010
237,Lobstering,43,USA,N,M,Provoked,2010
243,Fishing in Alabama Deep Fishing Rodeo,26,USA,N,,Boat,2010
244,Surfing,9,USA,N,F,Unprovoked,2010
245,,11,USA,N,F,Unprovoked,2010
246,Kite surfing,61,USA,N,M,Unprovoked,2010
247,Swimming,26,USA,N,M,Unprovoked,2010
250,Fishing for squid,26,USA,N,M,Boat,2010
251,Fishing,59,USA,N,M,Provoked,2010
252,Fishing for sharks,26,USA,N,M,Boat,2010
253,Swimming,42,USA,N,F,Unprovoked,2010
255,,35,USA,N,M,Unprovoked,2010
256,Surfing,11,USA,N,M,Unprovoked,2010
259,Floating,42,USA,N,M,Unprovoked,2010
260,Wading,26,USA,N,M,Unprovoked,2010
261,Surfing,26,USA,N,M,Unprovoked,2010
263,Floating in tube,6,USA,N,F,Unprovoked,2010
264,Standing,19,USA,N,M,Unprovoked,2010
265,Surfing,27,USA,,M,Not confirmed,2010
266,Swimming,64,USA,N,M,Unprovoked,2010
272,Swimming,52,USA,N,F,Unprovoked,2010
273,Swimming,13,USA,N,M,Unprovoked,2010
274,Swimming,57,USA,N,F,Unprovoked,2010
275,Swimming,22,USA,N,F,Unprovoked,2010
276,Swimming,11,USA,N,F,Unprovoked,2010
277,Swimming,48,USA,N,M,Unprovoked,2010
278,Teasing a shark,23,USA,N,F,Provoked,2010
279,Floating,59,USA,N,M,Unprovoked,2010
282,Surfing,15,USA,N,M,Unprovoked,2010
287,Spearfishing,26,USA,N,M,Unprovoked,2010
290,Fishing,34,USA,N,M,Unprovoked,2010
291,SUP,26,USA,,M,Not confirmed,2010
292,Snorkeling,46,USA,N,F,Unprovoked,2010
294,,26,USA,,M,Unprovoked,2010
297,Surfing,26,USA,,,Not confirmed,2010
298,Body surfing,19,USA,N,M,Unprovoked,2010
300,,12,USA,N,M,Unprovoked,2010
312,Surfing,26,USA,N,M,Unprovoked,2010
313,Surfing,15,USA,N,F,Unprovoked,2010
316,Paddle boarding,48,USA,N,M,Unprovoked,2010
322,Paddle boarding,71,USA,N,M,Unprovoked,2010
330,Surfing,26,USA,N,M,Unprovoked,2010
331,Swimming,26,USA,N,F,Unprovoked,2010
332,Surfing,28,USA,N,M,Unprovoked,2010
335,Swimming,54,USA,N,M,Unprovoked,2010
336,Wading,28,USA,N,F,Unprovoked,2010
341,Surfing,21,USA,N,M,Unprovoked,2010
342,Surfing,21,USA,N,M,Unprovoked,2010
344,Surfing,32,USA,,M,Not confirmed,2010
345,Swimming,44,USA,N,M,Unprovoked,2010
346,Kayak Fishing,26,USA,N,M,Boat,2010
347,Boogie boarding,9,USA,N,F,Unprovoked,2010
348,Surfing,25,USA,N,M,Unprovoked,2010
351,Body boarding,22,USA,N,M,Unprovoked,2010
352,Wading,13,USA,N,M,Unprovoked,2010
353,Surfing,14,USA,N,M,Unprovoked,2010
354,Surfing,22,USA,N,M,Unprovoked,2010
356,Kayak fishing,26,USA,N,M,Boat,2010
357,Surfing,14,USA,N,M,Unprovoked,2010
358,Spearfishing,27,USA,N,M,Unprovoked,2010
359,Wading,12,USA,N,M,Unprovoked,2010
360,Photographing fish,16,USA,N,M,Unprovoked,2010
361,Kayak Fishing,26,USA,N,M,Boat,2010
362,Swimming,26,USA,N,M,Unprovoked,2010
363,Surfing,20,USA,N,M,Unprovoked,2010
365,Stand-Up Paddleboarding,50,USA,N,F,Unprovoked,2010
366,Kayak Fishing,29,USA,N,M,Provoked,2010
368,,26,USA,N,M,Unprovoked,2010
371,Surfing,54,USA,N,F,Unprovoked,2010
372,Surfing,21,USA,N,M,Unprovoked,2010
373,,26,USA,,M,Not confirmed,2010
375,Surfing,15,USA,N,M,Unprovoked,2010
376,Walking,10,USA,N,F,Unprovoked,2010
377,Kayak Fishing,22,USA,N,M,Boat,2010
379,Spearfishing,57,USA,N,M,Provoked,2010
383,Surfing,25,USA,N,M,Unprovoked,2010
384,Floating,35,USA,,F,Not confirmed,2010
386,Kayak Fishing,31,USA,N,M,Provoked,2010
391,Treading water,39,USA,,M,Not confirmed,2010
394,,32,USA,N,M,Unprovoked,2010
397,Swimming,68,USA,N,M,Unprovoked,2010
399,Playing in the water,12,USA,N,M,Unprovoked,2010
400,Swimming,18,USA,N,M,Unprovoked,2010
402,Swimming,26,USA,,F,Not confirmed,2010
404,Standing,43,USA,N,M,Unprovoked,2010
406,Body surfing?,47,USA,N,M,Unprovoked,2010
407,Swimming,6,USA,N,M,Unprovoked,2010
409,Standing,9,USA,N,M,Unprovoked,2010
411,Swimming,10,USA,N,M,Unprovoked,2010
412,Wading,16,USA,N,M,Unprovoked,2010
413,Wading,12,USA,N,F,Unprovoked,2010
414,,26,USA,N,F,Unprovoked,2010
415,Boogie boarding,13,USA,N,F,Unprovoked,2010
416,Playing,11,USA,N,M,Unprovoked,2010
417,Attempting to rescue a shark,17,USA,N,F,Unprovoked,2010
419,Standing,14,USA,N,F,Unprovoked,2010
420,Wading,19,USA,N,F,Unprovoked,2010
422,Swimming,13,USA,N,F,Unprovoked,2010
423,Surfing,18,USA,N,M,Unprovoked,2010
424,,30,USA,N,M,Unprovoked,2010
426,Swimming,26,USA,N,M,Unprovoked,2010
429,Snorkeling,65,USA,Y,F,Unprovoked,2010
430,Wading,63,USA,N,M,Unprovoked,2010
433,Photographing the shark,48,USA,N,M,Unprovoked,2010
436,Spearfishing,70,USA,N,M,Unprovoked,2010
441,Standing / Snorkeling,58,USA,N,M,Unprovoked,2010
452,Shark fishing,20,USA,N,M,Provoked,2010
455,Fishing,26,USA,N,M,Boat,2010
459,Swimming after falling overboard,38,USA,,M,Not confirmed,2010
462,,12,USA,N,M,Unprovoked,2010
467,Surfing,50,USA,N,M,Unprovoked,2010
475,,26,USA,N,,Boat,2010
476,Surfing,44,USA,N,M,Unprovoked,2010
477,Snorkeling,53,USA,N,M,Unprovoked,2010
479,Surfing,18,USA,N,M,Unprovoked,2010
480,Surfing,34,USA,N,F,Unprovoked,2010
482,Stand-Up Paddleboarding,26,USA,N,F,Unprovoked,2010
483,Stand-Up Paddleboarding,26,USA,N,M,Unprovoked,2010
484,Canoeing,26,USA,N,F,Boat,2010
485,Surfing,26,USA,N,M,Unprovoked,2010
487,Standing in inner tube,7,USA,N,F,Unprovoked,2010
488,Body surfing or Boogie boarding,26,USA,N,F,Unprovoked,2010
490,Surfing,29,USA,N,M,Unprovoked,2010
491,Fishing,40,USA,N,F,Unprovoked,2010
492,Surfing,15,USA,N,M,Unprovoked,2010
493,Kayaking,26,USA,N,M,Boat,2010
494,Kayaking ,26,USA,N,M,Boat,2010
495,Surfing,28,USA,N,M,Unprovoked,2010
497,Surfing,26,USA,N,M,Unprovoked,2010
499,Surfing,26,USA,,M,Not confirmed,2010
501,Fishing ,43,USA,N,M,Unprovoked,2010
502,Kayaking ,26,USA,N,F,Boat,2010
503,Fishing,52,USA,N,M,Provoked,2010
505,Body surfing,13,USA,N,F,Unprovoked,2010
506,Surfing,17,USA,N,M,Unprovoked,2010
507,,26,USA,,,Not confirmed,2010
508,Fishing,33,USA,N,M,Provoked,2010
510,Surfing,29,USA,N,M,Unprovoked,2010
511,Standing,26,USA,N,F,Unprovoked,2010
512,Fishing for sharks,26,USA,N,M,Provoked,2010
513,Kite boarding,26,USA,N,,Unprovoked,2010
515,Standing,26,USA,N,M,Unprovoked,2010
516,,26,USA,N,M,Unprovoked,2010
518,Swimming,10,USA,N,F,Unprovoked,2010
519,Swimming,7,USA,N,M,Unprovoked,2010
520,Boogie boarding,10,USA,N,M,Unprovoked,2010
521,Swimming,45,USA,N,F,Unprovoked,2010
522,Surfing,26,USA,N,M,Unprovoked,2010
523,Boogie boarding,8,USA,N,M,Unprovoked,2010
526,Swimming,26,USA,N,M,Unprovoked,2010
528,Standing,8,USA,N,M,Unprovoked,2010
530,Swimming,61,USA,N,M,Unprovoked,2010
531,Swimming,39,USA,N,M,Unprovoked,2010
533,Body surfing,26,USA,N,M,Unprovoked,2010
534,Surfing,14,USA,N,M,Unprovoked,2010
535,Swimming,26,USA,N,M,Provoked,2010
536,Surfing,26,USA,N,M,Unprovoked,2010
537,Body surfing,19,USA,N,M,Unprovoked,2010
544,Standing,16,USA,N,M,Unprovoked,2010
547,Kneeling in the water,14,USA,N,F,Unprovoked,2010
548,Swimming,22,USA,N,F,Unprovoked,2010
550,Tagging sharks,37,USA,N,F,Unprovoked,2010
554,Body boarding,38,USA,N,F,Unprovoked,2010
556,Wading,44,USA,N,F,Unprovoked,2010
557,Surfing,12,USA,N,M,Unprovoked,2010
558,Diving,26,USA,,M,Not confirmed,2010
559,Swimming,40,USA,N,F,Unprovoked,2010
561,Surfing,23,USA,N,M,Unprovoked,2010
563,Swimming,42,USA,N,M,Unprovoked,2010
564,Wading,25,USA,N,M,Unprovoked,2010
567,Surfing,26,USA,N,M,Unprovoked,2010
568,Surfing,26,USA,N,M,Unprovoked,2010
572,Kite Surfing,26,USA,N,M,Unprovoked,2010
573,Surfing,9,USA,N,M,Unprovoked,2010
579,Surfing,21,USA,N,M,Unprovoked,2010
588,Free diving / Photographing pilot whales,26,USA,N,M,Unprovoked,2010
593,Boogie boarding,29,USA,N,M,Unprovoked,2010
594,Surfing,30,USA,N,M,Unprovoked,2010
596,Kayaking / Fishing,57,USA,Y,M,Unprovoked,2010
598,Snorkeling,58,USA,N,F,Unprovoked,2010
600,Surfing,25,USA,N,M,Unprovoked,2010
603,Body boarding,16,USA,N,M,Unprovoked,2010
604,Surfing,26,USA,N,M,Unprovoked,2010
605,Kiteboarding,46,USA,N,M,Unprovoked,2010
610,Diving ,45,USA,N,M,Unprovoked,2010
611,Surfing,25,USA,N,M,Unprovoked,2010
612,Wading,6,USA,N,M,Unprovoked,2010
615,Surfing,45,USA,N,M,Unprovoked,2010
616,Wading,12,USA,N,M,Unprovoked,2010
617,Surfing,50,USA,N,M,Unprovoked,2010
619,Standing,7,USA,N,M,Unprovoked,2010
620,Swimming,45,USA,N,M,Unprovoked,2010
621,Surfing,26,USA,N,M,Unprovoked,2010
622,Swimming,21,USA,N,M,Unprovoked,2010
623,Surfing,13,USA,N,F,Unprovoked,2010
624,,26,USA,U,F,Unprovoked,2010
625,Surfing,43,USA,N,M,Provoked,2010
626,Standing,25,USA,N,M,Unprovoked,2010
627,Swimming,17,USA,N,M,Unprovoked,2010
628,,3,USA,N,M,Provoked,2010
630,Casting a net,9,USA,N,M,Unprovoked,2010
632,Swimming,26,USA,N,M,Unprovoked,2010
633,Marathon swimming,47,USA,,F,Not confirmed,2010
635,Boogie boarding,11,USA,N,F,Unprovoked,2010
637,Surfing,16,USA,N,M,Unprovoked,2010
638,Surfing,26,USA,N,F,Unprovoked,2010
639,Snorkeling,20,USA,Y,F,Unprovoked,2010
640,Kiteboarding,19,USA,N,F,Unprovoked,2010
641,Surfing,10,USA,N,M,Unprovoked,2010
643,Fishing,17,USA,N,M,Unprovoked,2010
644,Snorkeling,56,USA,N,F,Unprovoked,2010
645,Swimming,32,USA,N,M,Unprovoked,2010
648,Surfing,18,USA,N,M,Unprovoked,2010
652,Walking in surf,50,USA,N,F,Unprovoked,2010
653,Swimming ,26,USA,N,M,Unprovoked,2010
656,Wading,63,USA,N,F,Unprovoked,2010
661,Kayaking / Fishing,26,USA,N,M,Boat,2010
662,Swimming,26,USA,N,M,Unprovoked,2010
663,Swimming,14,USA,N,M,Unprovoked,2010
664,Swimming,28,USA,N,M,Unprovoked,2010
665,Swimming,15,USA,N,M,Unprovoked,2010
667,Surfing,26,USA,N,F,Unprovoked,2010
668,Boogie Boarding,10,USA,N,F,Unprovoked,2010
669,Fishing for sharks,58,USA,N,M,Provoked,2010
671,Diving,32,USA,N,M,Unprovoked,2010
672,Swimming,11,USA,N,M,Unprovoked,2010
676,Surfing,42,USA,,M,Not confirmed,2010
678,Surfing,16,USA,N,M,Unprovoked,2010
682,Playing in the surf,9,USA,N,M,Unprovoked,2010
684,Surfing,21,USA,N,M,Unprovoked,2010
687,Swimming,50,USA,N,M,Unprovoked,2010
689,Surfing,58,USA,N,M,Unprovoked,2010
701,Surfing,26,USA,N,,Unprovoked,2010
702,Surfing,26,USA,N,M,Unprovoked,2010
703,Surfing,16,USA,N,M,Unprovoked,2010
709,Surfing,43,USA,N,M,Unprovoked,2010
712,Swimming,26,USA,N,M,Unprovoked,2010
717,Surfing,60,USA,N,M,Unprovoked,2010
720,Snorkeling,61,USA,N,M,Unprovoked,2010
723,Surfing,14,USA,N,M,Unprovoked,2010
724,Diving,30,USA,N,M,Unprovoked,2010
725,Surfing,43,USA,N,M,Unprovoked,2010
726,Surfing,25,USA,N,M,Unprovoked,2010
727,Swimming,51,USA,N,F,Unprovoked,2010
728,Surfing,39,USA,Y,M,Unprovoked,2010
729,,35,USA,N,F,Unprovoked,2010
730,Surfing,24,USA,N,M,Unprovoked,2010
731,Paddle boarding,55,USA,N,M,Unprovoked,2010
732,,26,USA,,M,Not confirmed,2010
734,Windsurfing,42,USA,N,M,Unprovoked,2010
736,Surfing,21,USA,N,M,Unprovoked,2010
737,Surfing,22,USA,N,M,Unprovoked,2010
738,Surfing,52,USA,N,M,Unprovoked,2010
740,Surfing,19,USA,N,,Unprovoked,2010
741,Surfing,25,USA,N,M,Unprovoked,2010
742,Swimming,26,USA,N,M,Unprovoked,2010
743,Surfing,26,USA,N,M,Unprovoked,2010
744,Surfing,37,USA,N,M,Unprovoked,2010
745,Surfing,32,USA,N,M,Unprovoked,2010
746,Boogie boarding,8,USA,N,F,Unprovoked,2010
747,Spearfishing,26,USA,N,,Provoked,2010
748,Swimming or boogie boarding,56,USA,N,F,Unprovoked,2010
752,Wading or swimming,31,USA,N,M,Unprovoked,2010
754,Free diving ,56,USA,N,M,Unprovoked,2010
757,Surfing,17,USA,N,M,Unprovoked,2010
759,Surfing,44,USA,N,M,Unprovoked,2010
760,Body surfing,50,USA,N,M,Unprovoked,2010
761,,12,USA,,M,Not confirmed,2010
766,Swimming,43,USA,N,F,Unprovoked,2010
769,Kayaking,52,USA,N,M,Boat,2010
772,Swimming,6,USA,N,M,Unprovoked,2010
773,Surfing,26,USA,N,M,Unprovoked,2010
774,Sitting in the water,16,USA,N,F,Unprovoked,2010
776,Swimming,12,USA,N,M,Unprovoked,2010
778,Standing,16,USA,,M,Not confirmed,2010
779,Wading,6,USA,N,F,Unprovoked,2010
780,Fishing,23,USA,N,M,Provoked,2010
781,Swimming,18,USA,N,F,Unprovoked,2010
782,Swimming,26,USA,N,M,Unprovoked,2010
783,Swimming,26,USA,N,M,Unprovoked,2010
784,Swimming,16,USA,N,M,Unprovoked,2010
788,Surfing,12,USA,N,F,Unprovoked,2010
789,Boogie Boarding,25,USA,N,M,Unprovoked,2010
790,Wading,33,USA,N,F,Unprovoked,2010
792,Surfing,22,USA,N,M,Unprovoked,2010
793,Kayak Fishing,26,USA,N,M,Boat,2010
795,Kayaking / Fishing,30,USA,N,M,Boat,2010
796,Swimming,47,USA,N,F,Unprovoked,2010
797,Paddle boarding,15,USA,N,F,Unprovoked,2010
798,Surfing,28,USA,N,M,Unprovoked,2010
801,Surfing,28,USA,N,M,Unprovoked,2010
802,,26,USA,N,M,Unprovoked,2010
804,Surfing,21,USA,N,M,Unprovoked,2010
807,Surfing,61,USA,N,M,Unprovoked,2010
808,Surfing,15,USA,N,F,Unprovoked,2010
809,Surfing,17,USA,N,M,Unprovoked,2010
813,Kite Surfing,19,USA,N,M,Unprovoked,2010
816,Kite Surfing,26,USA,N,M,Provoked,2010
820,Snorkeling,26,USA,N,,Unprovoked,2010
826,Surfing,53,USA,N,M,Unprovoked,2010
829,,26,USA,N,M,Unprovoked,2010
832,Surfing,27,USA,N,M,Unprovoked,2010
833,Canoeing,26,USA,N,M,Provoked,2010
838,Surfing,26,USA,N,F,Unprovoked,2010
843,Kayaking,26,USA,N,M,Boat,2010
847,Surfing,27,USA,N,M,Unprovoked,2010
851,Surfing,41,USA,N,M,Unprovoked,2010
853,Surfing,26,USA,N,M,Unprovoked,2010
854,Surfing,26,USA,N,M,Unprovoked,2010
857,Wade fishing,26,USA,N,M,Unprovoked,2010
858,,29,USA,N,M,Unprovoked,2010
859,Surfing,27,USA,,M,Not confirmed,2010
862,Spearfishing,21,USA,N,M,Unprovoked,2010
863,Jumping in the waves,5,USA,N,M,Unprovoked,2010
864,Canoeing,26,USA,N,M,Boat,2010
867,Surfing,25,USA,N,M,Unprovoked,2010
868,Surfing,37,USA,N,M,Unprovoked,2010
870,Surfing,26,USA,N,,Unprovoked,2010
872,Surfing,19,USA,N,M,Unprovoked,2010
873,Surfing,19,USA,N,M,Unprovoked,2010
875,Wade Fishing,39,USA,N,F,Unprovoked,2010
877,Surfing,21,USA,N,M,Unprovoked,2010
878,,10,USA,N,M,Unprovoked,2010
881,Wading,26,USA,N,F,Unprovoked,2010
882,,12,USA,,M,Not confirmed,2010
885,Floating ,27,USA,N,M,Unprovoked,2010
887,Playing in the surf,7,USA,N,M,Not confirmed,2010
888,Swimming,54,USA,N,M,Unprovoked,2010
892,Wade Fishing,26,USA,N,M,Unprovoked,2010
894,Boogie Boarding,6,USA,N,F,Unprovoked,2010
896,Surf fishing,26,USA,N,M,Unprovoked,2010
898,Swimming,12,USA,N,M,Unprovoked,2010
899,Wade Fishing,14,USA,N,M,Unprovoked,2010
905,Playing in the surf,10,USA,N,F,Unprovoked,2010
906,Surfing,26,USA,N,M,Unprovoked,2010
907,Jet skiing,20,USA,N,M,Unprovoked,2010
912,Scuba diving,28,USA,N,M,Unprovoked,2010
914,Spearfishing,28,USA,N,M,Unprovoked,2010
915,Wading,19,USA,N,M,Unprovoked,2010
917,Standing or boogie boardin,22,USA,N,F,Unprovoked,2010
919,Surfing,26,USA,N,F,Unprovoked,2010
920,Paddle boarding,26,USA,N,F,Unprovoked,2010
922,Body surfing,86,USA,N,M,Unprovoked,2010
924,Surfing,37,USA,N,M,Unprovoked,2010
925,Fishing ,26,USA,N,M,Provoked,2010
928,Spearfishing,32,USA,N,M,Unprovoked,2010
930,Surfing ,49,USA,N,M,Unprovoked,2010
934,"Standing, holding shark pup",26,USA,N,M,Provoked,2010
957,Body boarding,16,USA,N,M,Unprovoked,2010
959,Surfing,46,USA,N,M,Unprovoked,2010
968,Snorkeling,33,USA,N,M,Provoked,2010
974,Surfing,26,USA,N,M,Unprovoked,2010
976,Scuba diving,30,USA,N,M,Unprovoked,2010
978,Body boarding,19,USA,Y,M,Unprovoked,2010
984,Surfing,29,USA,N,M,Unprovoked,2010
985,Surfing,18,USA,N,M,Unprovoked,2010
988,Swimming,27,USA,N,M,Unprovoked,2010
990,Surfing,26,USA,N,M,Unprovoked,2010
991,Surfing,24,USA,N,M,Unprovoked,2010
992,Surfing,24,USA,N,M,Unprovoked,2010
995,Boogie Boarding,10,USA,N,M,Unprovoked,2010
997,Kayak Fishing,45,USA,N,M,Boat,2010
1001,Surfing,25,USA,N,M,Unprovoked,2010
1003,Swimming,26,USA,,F,Not confirmed,2010
1004,Kayaking,26,USA,N,M,Boat,2010
1005,Standing,37,USA,N,F,Unprovoked,2010
1006,Standing,16,USA,N,M,Unprovoked,2010
1007,Surfing,20,USA,N,M,Unprovoked,2010
1008,Swimming,10,USA,N,M,Unprovoked,2010
1009,Swimming,13,USA,N,F,Unprovoked,2010
1010,Surfing,55,USA,N,M,Unprovoked,2010
1012,Fishing,26,USA,N,M,Unprovoked,2010
1013,Fishing,26,USA,N,M,Provoked,2010
1015,Fishing,20,USA,N,M,Provoked,2010
1016,Surfing,19,USA,N,M,Unprovoked,2010
1017,Stand-Up Paddleboarding,48,USA,N,M,Unprovoked,2010
1018,Surfing,20,USA,N,M,Unprovoked,2010
1019,Boogie Boarding,6,USA,N,F,Unprovoked,2010
1020,Swimming,13,USA,N,F,Unprovoked,2010
1022,Boogie Boarding,18,USA,N,F,Unprovoked,2010
1024,Surfing,20,USA,N,M,Unprovoked,2010
1025,Fishing,49,USA,N,M,Provoked,2010
1030,Wading,10,USA,N,F,Unprovoked,2010
1031,Measuring sharks,29,USA,N,M,Provoked,2010
1032,Surfing,68,USA,N,M,Unprovoked,2010
1043,Surf fishing / wading,26,USA,N,M,Provoked,2010
1045,Kite Boarding,38,USA,Y,M,Unprovoked,2010
1056,Spearfishing,32,USA,N,M,Unprovoked,2010
1068,Diving,58,USA,N,M,Provoked,2010
1069,Surfing,49,USA,,M,Not confirmed,2010
1070,Wading,10,USA,N,M,Unprovoked,2010
1071,Fishing,31,USA,N,M,Unprovoked,2010
1072,Surfing,22,USA,N,M,Unprovoked,2010
1073,Surfing,27,USA,N,F,Unprovoked,2010
1074,Surfing,18,USA,N,M,Unprovoked,2010
1076,Surfing,21,USA,N,M,Unprovoked,2010
1080,Surfing,26,USA,N,M,Unprovoked,2010
1081,Surfing,54,USA,N,M,Unprovoked,2010
1085,Surfing,26,USA,N,M,Unprovoked,2010
1087,Swimming,26,USA,N,M,Unprovoked,2010
1091,Swimming,60,USA,Y,M,Not confirmed,2010
1095,Surfing,26,USA,N,M,Unprovoked,2010
1097,Swimming,22,USA,N,F,Unprovoked,2010
1099,Swimming,26,USA,N,M,Unprovoked,2010
1100,Surfing,26,USA,N,M,Unprovoked,2010
1101,Wade Fishing,56,USA,N,M,Unprovoked,2010
1106,Wading,14,USA,N,F,Unprovoked,2010
1108,Swimming,26,USA,N,F,Unprovoked,2010
1109,Swimming,19,USA,N,F,Unprovoked,2010
1112,Paddle-surfing,26,USA,N,M,Unprovoked,2010
1114,Boogie Boarding,12,USA,N,F,Unprovoked,2010
1115,Swimming,43,USA,N,F,Provoked,2010
1117,Surfing,26,USA,,M,Not confirmed,2010
1118,Crawling,14,USA,,M,Not confirmed,2010
1124,Swimming,26,USA,N,M,Provoked,2010
1125,Surfing,31,USA,N,M,Unprovoked,2010
1126,Surfing,49,USA,N,M,Unprovoked,2010
1127,Surfing,55,USA,N,M,Unprovoked,2010
1130,,26,USA,N,F,Unprovoked,2010
1131,Surfing,26,USA,N,M,Unprovoked,2010
1132,Surfing,20,USA,N,M,Unprovoked,2010
1134,Surfing,52,USA,N,M,Unprovoked,2010
1135,Surfing,31,USA,N,M,Unprovoked,2010
1136,Spearfishing,49,USA,,M,Not confirmed,2010
1139,Spearfishing,26,USA,N,M,Unprovoked,2010
1140,Wading,15,USA,N,M,Unprovoked,2010
1146,Surfing,17,USA,N,F,Unprovoked,2010
1148,Swimming,61,USA,N,M,Unprovoked,2010
1158,Air Disaster,26,USA,Y,M,Sea Disaster,2010
1183,Kayaking,26,USA,N,M,Boat,2000
1198,Fishing,11,USA,N,M,Unprovoked,2000
1200,Surfing,44,USA,N,M,Unprovoked,2000
1201,Surfing,40,USA,N,M,Unprovoked,2000
1203,Swimming,32,USA,N,M,Unprovoked,2000
1204,Surfing,40,USA,N,M,Unprovoked,2000
1205,Surfing,26,USA,N,M,Unprovoked,2000
1207,Surfing,43,USA,N,M,Unprovoked,2000
1208,Surfing,15,USA,N,M,Unprovoked,2000
1209,Surfing,52,USA,N,M,Unprovoked,2000
1210,Surfing,26,USA,N,M,Unprovoked,2000
1212,Swimming,27,USA,,M,Not confirmed,2000
1214,Surfing,19,USA,N,M,Unprovoked,2000
1215,Surfing,26,USA,N,M,Unprovoked,2000
1216,"Swimming, towing surfboard",20,USA,N,M,Unprovoked,2000
1217,Surfing,20,USA,,F,Not confirmed,2000
1218,Swimming,47,USA,N,M,Unprovoked,2000
1219,,7,USA,,M,Not confirmed,2000
1220,Treading water,38,USA,N,F,Unprovoked,2000
1221,Wading,13,USA,N,F,Unprovoked,2000
1222,Diving,26,USA,N,M,Unprovoked,2000
1227,Swimming,26,USA,N,M,Unprovoked,2000
1228,Surfing,17,USA,N,M,Unprovoked,2000
1229,Snorkeling,44,USA,N,F,Unprovoked,2000
1230,Wading,9,USA,N,M,Unprovoked,2000
1231,Wading,8,USA,N,F,Unprovoked,2000
1232,Surfing,15,USA,N,M,Provoked,2000
1233,Wading,16,USA,N,M,Unprovoked,2000
1235,Body surfing,52,USA,,M,Not confirmed,2000
1236,Surfing,24,USA,N,M,Unprovoked,2000
1237,Swimming,14,USA,N,F,Unprovoked,2000
1238,,17,USA,N,F,Unprovoked,2000
1240,Wading,53,USA,,M,Not confirmed,2000
1244,Surfing,29,USA,N,M,Unprovoked,2000
1245,Swimming,37,USA,N,M,Unprovoked,2000
1247,Kayaking,40,USA,N,F,Boat,2000
1248,Wading,35,USA,N,F,Unprovoked,2000
1250,Body surfing,40,USA,N,M,Unprovoked,2000
1252,Body surfing,15,USA,N,F,Unprovoked,2000
1254,Surfing,9,USA,N,M,Unprovoked,2000
1261,Wading,6,USA,N,M,Unprovoked,2000
1264,Surfing,18,USA,N,M,Unprovoked,2000
1265,Surfing,24,USA,N,M,Unprovoked,2000
1267,Surfing,21,USA,N,M,Provoked,2000
1268,Swimming,66,USA,Y,M,Unprovoked,2000
1269,Surfing,14,USA,N,M,Unprovoked,2000
1274,Surfing,30,USA,N,M,Unprovoked,2000
1276,Wading,15,USA,N,M,Unprovoked,2000
1277,Surfing,26,USA,N,,Unprovoked,2000
1279,Walking out of the water after surfing,18,USA,N,M,Unprovoked,2000
1281,Surfing,52,USA,N,M,Unprovoked,2000
1282,Boogie Boarding,26,USA,N,M,Unprovoked,2000
1283,Walking out of the water after surfing,13,USA,N,M,Unprovoked,2000
1284,Wading,14,USA,N,M,Unprovoked,2000
1285,Jet skiing,8,USA,N,M,Unprovoked,2000
1286,Surfing,27,USA,N,M,Unprovoked,2000
1289,Surfing,25,USA,N,M,Unprovoked,2000
1291,Surf-skiing,26,USA,N,M,Unprovoked,2000
1297,Surfing,20,USA,N,M,Unprovoked,2000
1298,Fishing for snapper,26,USA,N,M,Provoked,2000
1305,Surfing,52,USA,N,M,Unprovoked,2000
1311,Surfing,21,USA,N,M,Unprovoked,2000
1312,Surfing,42,USA,N,M,Unprovoked,2000
1315,Floating,32,USA,N,M,Unprovoked,2000
1318,Surfing,22,USA,N,M,Unprovoked,2000
1319,Surfing,16,USA,N,M,Unprovoked,2000
1320,Surfing,26,USA,N,M,Unprovoked,2000
1324,Surfing,26,USA,N,F,Unprovoked,2000
1326,Scuba diving,26,USA,,F,Not confirmed,2000
1327,Surfing,26,USA,N,F,Unprovoked,2000
1328,Surfing,23,USA,N,M,Unprovoked,2000
1330,Wading?,56,USA,N,M,Unprovoked,2000
1331,Surfing,26,USA,N,F,Unprovoked,2000
1332,Snorkeling,14,USA,N,M,Unprovoked,2000
1333,Wading,58,USA,N,F,Unprovoked,2000
1334,Wading,36,USA,N,F,Unprovoked,2000
1335,Standing,15,USA,N,M,Unprovoked,2000
1336,Jumping,12,USA,N,F,Unprovoked,2000
1337,Swimming,58,USA,N,M,Unprovoked,2000
1338,Body boarding,15,USA,N,M,Unprovoked,2000
1339,Surfing,24,USA,N,M,Unprovoked,2000
1340,Surfing,54,USA,N,M,Unprovoked,2000
1341,Surfing,27,USA,N,M,Unprovoked,2000
1342,Diving,26,USA,N,M,Provoked,2000
1343,Fishing,26,USA,N,M,Provoked,2000
1344,Swimming,52,USA,N,M,Unprovoked,2000
1345,Surfing,16,USA,N,M,Unprovoked,2000
1346,Playing,7,USA,N,M,Unprovoked,2000
1347,Floating near boat & observing bioluminesce,20,USA,N,M,Unprovoked,2000
1348,Swimming,15,USA,N,F,Unprovoked,2000
1349,Walking out of the water after surfing,19,USA,N,M,Unprovoked,2000
1350,Swimming,30,USA,N,M,Unprovoked,2000
1351,Boogie Boarding,9,USA,N,M,Unprovoked,2000
1352,Jumped into the water,19,USA,N,F,Unprovoked,2000
1353,Surfing,51,USA,N,M,Unprovoked,2000
1354,Surfing,20,USA,N,M,Unprovoked,2000
1355,Surf paddling,26,USA,N,M,Unprovoked,2000
1356,Kayak Fishing,26,USA,N,M,Boat,2000
1357,Snorkeling,36,USA,N,M,Unprovoked,2000
1359,Swimming,14,USA,N,M,Unprovoked,2000
1361,Swimming,43,USA,,F,Not confirmed,2000
1362,Wading,30,USA,N,F,Unprovoked,2000
1364,Surfing,18,USA,N,M,Unprovoked,2000
1367,Removing hook from shark,26,USA,N,M,Provoked,2000
1368,Swimming,26,USA,N,F,Unprovoked,2000
1369,Surfing,20,USA,N,M,Unprovoked,2000
1370,Surfing,26,USA,N,M,Unprovoked,2000
1371,Surfing,9,USA,,F,Not confirmed,2000
1372,Swimming,26,USA,N,F,Unprovoked,2000
1374,Wading,26,USA,N,F,Unprovoked,2000
1375,Reviving a sedated shark,40,USA,N,F,Provoked,2000
1379,Surfing,21,USA,N,F,Unprovoked,2000
1382,Snorkeling,63,USA,N,F,Unprovoked,2000
1383,Swimming,68,USA,N,M,Unprovoked,2000
1387,Body boarding,12,USA,N,M,Unprovoked,2000
1388,Surfing,24,USA,N,M,Unprovoked,2000
1389,Fishing,26,USA,N,,Boat,2000
1391,Playing on a sandbar,7,USA,N,M,Unprovoked,2000
1392,Surfing,27,USA,N,M,Unprovoked,2000
1393,,9,USA,N,M,Unprovoked,2000
1395,Surfing,11,USA,N,M,Unprovoked,2000
1397,Shark fishing,26,USA,N,M,Provoked,2000
1399,Surfing,29,USA,N,M,Unprovoked,2000
1405,Shrimping,26,USA,N,,Boat,2000
1410,Surfing,54,USA,,M,Not confirmed,2000
1411,Surfing,24,USA,N,M,Unprovoked,2000
1414,Surfing,43,USA,N,M,Unprovoked,2000
1418,Swimming,29,USA,N,M,Unprovoked,2000
1420,Surfing,22,USA,N,M,Unprovoked,2000
1421,Fishing,15,USA,N,M,Unprovoked,2000
1422,Surfing,20,USA,N,M,Unprovoked,2000
1423,Surfing,26,USA,N,M,Unprovoked,2000
1424,Playing soccer in the water,18,USA,N,M,Unprovoked,2000
1428,Surfing,19,USA,N,M,Unprovoked,2000
1429,Diving / Kissing the shark,26,USA,N,M,Provoked,2000
1430,Surfing,16,USA,N,M,Unprovoked,2000
1431,Swimming,55,USA,N,M,Unprovoked,2000
1432,Surfing,52,USA,N,M,Unprovoked,2000
1435,Standing,33,USA,N,M,Unprovoked,2000
1436,Swimming,26,USA,N,M,Unprovoked,2000
1438,Surfing,23,USA,N,M,Unprovoked,2000
1447,Wading,59,USA,N,F,Unprovoked,2000
1449,Touching sharks,26,USA,N,,Provoked,2000
1450,Surfing,41,USA,N,M,Unprovoked,2000
1451,Boogie Boarding,26,USA,N,M,Not confirmed,2000
1452,Surfing,15,USA,N,M,Unprovoked,2000
1454,Surfing,14,USA,N,M,Unprovoked,2000
1455,Surf fishing,26,USA,N,M,Unprovoked,2000
1457,Standing,49,USA,N,M,Unprovoked,2000
1459,Swimming,21,USA,N,F,Unprovoked,2000
1461,Wading,40,USA,N,M,Unprovoked,2000
1462,Walking,11,USA,N,M,Unprovoked,2000
1463,Body boarding,14,USA,N,F,Unprovoked,2000
1464,Swimming,13,USA,N,M,Unprovoked,2000
1465,Spearfishing,28,USA,N,F,Unprovoked,2000
1466,Spearfishing,35,USA,N,M,Unprovoked,2000
1467,Body boarding,9,USA,N,F,Unprovoked,2000
1468,Fishing,26,USA,N,M,Provoked,2000
1470,Surfing,22,USA,N,F,Unprovoked,2000
1472,Scuba diving,43,USA,N,M,Unprovoked,2000
1473,Surfing,24,USA,N,M,Unprovoked,2000
1474,Playing,7,USA,N,F,Unprovoked,2000
1476,Spearfishing,26,USA,N,M,Unprovoked,2000
1477,Tagging sharks,26,USA,N,,Provoked,2000
1478,Surfing,31,USA,N,M,Unprovoked,2000
1479,Spearfishing,15,USA,N,M,Provoked,2000
1481,Scuba diving,26,USA,N,F,Unprovoked,2000
1482,,26,USA,N,M,Unprovoked,2000
1483,Swimming,26,USA,N,F,Unprovoked,2000
1485,,26,USA,,M,Not confirmed,2000
1486,Surfing,54,USA,N,M,Unprovoked,2000
1487,Standing,13,USA,N,F,Unprovoked,2000
1488,Fishing,35,USA,N,M,Provoked,2000
1492,Wading,11,USA,N,M,Unprovoked,2000
1494,Surfing,28,USA,N,F,Unprovoked,2000
1498,Standing,15,USA,N,F,Unprovoked,2000
1499,Free diving,45,USA,,M,Not confirmed,2000
1505,Kayaking,57,USA,N,M,Boat,2000
1509,Night Surfing,26,USA,N,M,Unprovoked,2000
1513,Surfing,21,USA,N,M,Unprovoked,2000
1515,Surfing,30,USA,N,M,Unprovoked,2000
1516,Swimming,29,USA,N,M,Unprovoked,2000
1520,Surfing,26,USA,N,M,Unprovoked,2000
1521,Surfing,23,USA,N,M,Unprovoked,2000
1526,Surfing,26,USA,N,M,Unprovoked,2000
1527,Surfing,17,USA,N,M,Unprovoked,2000
1530,Surfing,18,USA,N,M,Unprovoked,2000
1531,Surfing,25,USA,N,M,Unprovoked,2000
1532,Surfing,26,USA,N,M,Unprovoked,2000
1533,Wading,15,USA,N,M,Unprovoked,2000
1536,Surfing,36,USA,N,M,Unprovoked,2000
1537,Surfing,20,USA,N,F,Unprovoked,2000
1538,Wading,15,USA,N,M,Provoked,2000
1539,Surfing,22,USA,N,M,Unprovoked,2000
1541,Treading water/ Surfing,48,USA,N,M,Unprovoked,2000
1547,Surfing,26,USA,,M,Not confirmed,2000
1548,Body surfing,68,USA,N,F,Unprovoked,2000
1549,Surfing,18,USA,Y,M,Unprovoked,2000
1551,Wading,18,USA,N,F,Unprovoked,2000
1553,Standing / Surfing,62,USA,N,M,Unprovoked,2000
1556,Surfing,37,USA,N,M,Unprovoked,2000
1557,"Boogie boarding, kicked at object in the water",17,USA,,M,Not confirmed,2000
1558,Swimming,8,USA,N,M,Unprovoked,2000
1559,Walking,12,USA,N,M,Unprovoked,2000
1561,Surfing,16,USA,N,M,Unprovoked,2000
1562,Swimming,14,USA,N,M,Unprovoked,2000
1564,Wading,13,USA,N,F,Unprovoked,2000
1565,Surfing,61,USA,N,M,Unprovoked,2000
1566,Surfing,25,USA,,M,Not confirmed,2000
1570,Swimming,22,USA,N,M,Unprovoked,2000
1571,Holding onto an inflatable boat,14,USA,N,F,Unprovoked,2000
1572,Standing,19,USA,N,M,Unprovoked,2000
1573,Fishing,16,USA,N,M,Unprovoked,2000
1574,Swimming with boogie board,14,USA,Y,F,Unprovoked,2000
1577,Swimming,49,USA,,M,Not confirmed,2000
1578,Swimming,20,USA,N,M,Unprovoked,2000
1580,Boogie boarding,11,USA,N,F,Unprovoked,2000
1581,Surfing,17,USA,,M,Not confirmed,2000
1583,Wading,6,USA,N,M,Unprovoked,2000
1584,Swimming,33,USA,N,M,Unprovoked,2000
1585,Crouching in 2' of water,26,USA,N,F,Unprovoked,2000
1588,Kayaking,26,USA,N,,Boat,2000
1590,Sea Disaster,26,USA,N,M,Sea Disaster,2000
1591,Surfing,47,USA,N,M,Unprovoked,2000
1596,Wading,70,USA,N,F,Unprovoked,2000
1597,Surfing,52,USA,,M,Not confirmed,2000
1598,Surfing,37,USA,N,M,Unprovoked,2000
1599,,26,USA,N,F,Unprovoked,2000
1605,Diving in aquarium display tank,45,USA,N,M,Provoked,2000
1610,Spearfishing,26,USA,N,M,Provoked,2000
1611,Surfing,26,USA,N,M,Unprovoked,2000
1612,Spearfishing,26,USA,N,M,Unprovoked,2000
1624,Surfing,38,USA,N,U,Unprovoked,2000
1631,Surfing,26,USA,N,M,Unprovoked,2000
1632,Spearfishing,34,USA,N,M,Unprovoked,2000
1635,Surfing,16,USA,N,M,Unprovoked,2000
1636,Surfing,40,USA,N,M,Unprovoked,2000
1638,Surfing,26,USA,N,M,Unprovoked,2000
1639,Surf fishing,26,USA,,M,Not confirmed,2000
1641,Jumping,17,USA,N,F,Unprovoked,2000
1642,Walking,38,USA,N,F,Unprovoked,2000
1644,Surfing,26,USA,N,M,Unprovoked,2000
1645,Diving,50,USA,Y,M,Unprovoked,2000
1646,Swimming,47,USA,N,M,Unprovoked,2000
1649,Surfing,20,USA,N,F,Unprovoked,2000
1651,Surfing,28,USA,N,F,Unprovoked,2000
1652,Swimming,13,USA,N,F,Unprovoked,2000
1653,Swimming,19,USA,N,F,Unprovoked,2000
1654,Wading / fishing & carrying a bag of fish,11,USA,N,M,Unprovoked,2000
1659,Wading,7,USA,N,M,Unprovoked,2000
1660,Surfing,45,USA,N,M,Unprovoked,2000
1662,In water with diving seabirds,26,USA,N,F,Unprovoked,2000
1664,Swimming,8,USA,N,M,Unprovoked,2000
1666,Wading,16,USA,N,M,Unprovoked,2000
1668,Surfing,44,USA,N,M,Unprovoked,2000
1669,Boogie-boarding / swimming,9,USA,N,M,Unprovoked,2000
1670,Swimming,9,USA,,M,Not confirmed,2000
1671,,9,USA,N,F,Unprovoked,2000
1674,Tandem surfing,28,USA,N,M,Unprovoked,2000
1680,Surfing,57,USA,Y,M,Unprovoked,2000
1682,Surfing,22,USA,,F,Not confirmed,2000
1683,,26,USA,N,M,Unprovoked,2000
1684,Surfing,20,USA,N,M,Unprovoked,2000
1686,Surfing,26,USA,N,M,Unprovoked,2000
1688,Swimming,61,USA,N,M,Unprovoked,2000
1689,Snorkeling,26,USA,N,F,Unprovoked,2000
1691,Surfing,51,USA,N,M,Unprovoked,2000
1711,Swimming,28,USA,,M,Not confirmed,2000
1712,Swimming,13,USA,N,M,Unprovoked,2000
1718,Surfing,35,USA,N,F,Unprovoked,2000
1720,Surfing,24,USA,N,M,Unprovoked,2000
1725,Surfing,18,USA,N,M,Unprovoked,2000
1727,Surfing,13,USA,N,F,Unprovoked,2000
1728,Surfing,46,USA,N,M,Unprovoked,2000
1729,Snorkeling,56,USA,,M,Not confirmed,2000
1730,Surfing,19,USA,N,M,Unprovoked,2000
1731,Swimming to shore from boat or kayak,26,USA,Y,M,Not confirmed,2000
1732,Surfing,26,USA,N,F,Unprovoked,2000
1733,Surfing,18,USA,N,M,Unprovoked,2000
1734,Surfing,30,USA,N,M,Provoked,2000
1735,Sitting on surfboard,50,USA,N,M,Unprovoked,2000
1736,Wading near a fishing net,41,USA,N,F,Unprovoked,2000
1738,Surfing,16,USA,N,M,Unprovoked,2000
1739,Surfing,21,USA,N,M,Unprovoked,2000
1740,Surfing,19,USA,N,M,Unprovoked,2000
1741,Surfing,17,USA,N,M,Unprovoked,2000
1742,Surfing,30,USA,N,M,Unprovoked,2000
1744,Swimming,26,USA,,F,Not confirmed,2000
1745,Body boarding,18,USA,N,M,Unprovoked,2000
1746,"Standing, stepped on shark",15,USA,N,M,Unprovoked,2000
1748,Wade-fishing,26,USA,N,M,Unprovoked,2000
1749,Fishing,26,USA,N,M,Provoked,2000
1750,"Swimming, wearing black wetsuit & swim fins",50,USA,Y,F,Unprovoked,2000
1751,Swimming,31,USA,,M,Not confirmed,2000
1754,Surfing,18,USA,N,M,Unprovoked,2000
1755,Wading,15,USA,N,F,Unprovoked,2000
1757,"Walking, carrying surfboard & stepped on shark",10,USA,N,M,Provoked,2000
1758,Surfing,21,USA,N,M,Unprovoked,2000
1760,Spearfishing,26,USA,N,M,Unprovoked,2000
1763,Surfing,17,USA,N,M,Unprovoked,2000
1764,Surfing,15,USA,N,M,Unprovoked,2000
1766,Standing,12,USA,N,F,Unprovoked,2000
1767,Swimming with pod of dolphins,60,USA,N,M,Unprovoked,2000
1768,Swimming,51,USA,N,M,Unprovoked,2000
1769,Surfing ,33,USA,N,M,Unprovoked,2000
1770,Surfing,15,USA,N,,Unprovoked,2000
1771,Swimming,22,USA,,F,Not confirmed,2000
1772,Surfing,18,USA,N,M,Unprovoked,2000
1773,Wading,22,USA,N,M,Unprovoked,2000
1774,Swimming,20,USA,N,M,Unprovoked,2000
1775,Surfing,34,USA,N,M,Provoked,2000
1776,Walking,9,USA,N,F,Unprovoked,2000
1782,Surfing,36,USA,N,M,Unprovoked,2000
1783,Surfing,17,USA,N,M,Unprovoked,2000
1784,Surfing,30,USA,N,M,Unprovoked,2000
1785,Surfing,23,USA,N,M,Unprovoked,2000
1786,Surfing,18,USA,N,M,Unprovoked,2000
1787,Jumping,11,USA,N,M,Unprovoked,2000
1788,Surfing,12,USA,N,M,Unprovoked,2000
1789,Swimming (using a float),20,USA,N,M,Unprovoked,2000
1791,Surfing,26,USA,N,M,Unprovoked,2000
1792,Surfing,50,USA,N,M,Unprovoked,2000
1793,Petting captive sharks,26,USA,N,F,Provoked,2000
1796,Swimming,54,USA,N,M,Unprovoked,2000
1809,Body boarding,48,USA,N,M,Unprovoked,2000
1810,Swimming,34,USA,N,F,Unprovoked,2000
1812,Surfing,21,USA,N,M,Unprovoked,2000
1813,Boogie boarding,16,USA,N,M,Unprovoked,2000
1815,Swimming,60,USA,N,F,Unprovoked,2000
1817,Surfing,21,USA,N,M,Unprovoked,2000
1818,Surfing,14,USA,N,M,Unprovoked,2000
1819,Surfing,35,USA,N,M,Unprovoked,2000
1820,Surfing,18,USA,N,M,Unprovoked,2000
1821,Surfing,47,USA,N,M,Unprovoked,2000
1822,Surfing,32,USA,N,M,Unprovoked,2000
1823,Fishing from Surfboard,55,USA,N,M,Unprovoked,2000
1824,Fishing,26,USA,N,M,Provoked,2000
1826,Boogie boarding or Surfing,24,USA,N,M,Unprovoked,2000
1827,Surfing,35,USA,N,M,Unprovoked,2000
1829,Body boarding,26,USA,N,,Unprovoked,2000
1831,Boogie boarding,20,USA,N,M,Unprovoked,2000
1832,"Wading, when he stepped on the shark",36,USA,N,M,Provoked,2000
1833,Surfing,16,USA,N,M,Unprovoked,2000
1834,Swimming,29,USA,N,F,Unprovoked,2000
1835,Surfing,27,USA,N,M,Unprovoked,2000
1836,Surfing,15,USA,N,M,Unprovoked,2000
1837,Standing,15,USA,N,M,Unprovoked,2000
1839,Standing,14,USA,N,M,Unprovoked,2000
1840,Surfing,13,USA,N,M,Unprovoked,2000
1841,Swimming,15,USA,N,F,Unprovoked,2000
1842,Surfing,19,USA,N,M,Provoked,2000
1843,Shark Fishing,41,USA,Y,M,Provoked,2000
1845,Standing,9,USA,N,F,Unprovoked,2000
1847,Swimming,11,USA,N,F,Unprovoked,2000
1851,Sitting on surfboard,26,USA,N,,Unprovoked,2000
1852,Surfing,28,USA,N,M,Unprovoked,2000
1853,Surfing,50,USA,N,M,Unprovoked,2000
1854,Swimming,10,USA,N,M,Unprovoked,2000
1856,Surfing,24,USA,N,M,Unprovoked,2000
1857,Floating on a raft,16,USA,N,M,Unprovoked,2000
1858,"Fishing, removing the shark from his line",55,USA,N,M,Provoked,2000
1859,Playing in the surf with his 2 dogs,35,USA,N,M,Unprovoked,2000
1862,Fishing,31,USA,N,M,Unprovoked,2000
1867,"Surfing, but standing in water alongside board",34,USA,N,M,Unprovoked,2000
1868,Surfing,28,USA,N,M,Unprovoked,2000
1871,Wading,41,USA,N,M,Unprovoked,2000
1872,Swimming / Wading,29,USA,N,M,Unprovoked,2000
1873,Body-boarding,17,USA,N,M,Unprovoked,2000
1874,Wading,11,USA,N,F,Unprovoked,2000
1876,Swimming /  boogie boarding,20,USA,N,M,Unprovoked,2000
1877,Snorkeling,39,USA,N,M,Unprovoked,2000
1878,Surfing,31,USA,N,M,Unprovoked,2000
1889,Snorkeling,35,USA,N,M,Unprovoked,2000
1892,Surfing,26,USA,N,,Unprovoked,2000
1898,"Surfing, fell off surfboard & stepped on the shark.",21,USA,N,M,Provoked,2000
1899,Surfing,14,USA,N,M,Unprovoked,2000
1900,Wreck / Technical diving,42,USA,Y,M,Not confirmed,2000
1901,Boogie boarding,26,USA,N,M,Unprovoked,2000
1902,Surfing,16,USA,N,M,Unprovoked,2000
1904,Fishing,44,USA,N,M,Provoked,2000
1905,Walking in shallows,13,USA,N,M,Unprovoked,2000
1906,Swimming,26,USA,N,F,Not confirmed,2000
1907,Swimming ,28,USA,Y,M,Unprovoked,2000
1908,Swimming,23,USA,N,F,Unprovoked,2000
1909,Wading,20,USA,N,M,Unprovoked,2000
1910,Swimming ,10,USA,Y,M,Unprovoked,2000
1912,Standing,29,USA,N,F,Unprovoked,2000
1913,Wading,69,USA,N,M,Unprovoked,2000
1914,Boogie Boarding,18,USA,N,M,Unprovoked,2000
1915,Boogie Boarding,18,USA,N,M,Unprovoked,2000
1916,Surfing,17,USA,N,M,Unprovoked,2000
1917,Surfing,27,USA,N,M,Unprovoked,2000
1918,Surfing,32,USA,N,M,Unprovoked,2000
1919,Surfing,17,USA,N,F,Unprovoked,2000
1920,Surfing,17,USA,N,F,Unprovoked,2000
1921,Surfing,20,USA,N,M,Unprovoked,2000
1922,Surfing,19,USA,N,M,Unprovoked,2000
1923,Surfing,19,USA,N,M,Unprovoked,2000
1926,,26,USA,N,F,Unprovoked,2000
1929,,26,USA,N,F,Unprovoked,2000
1930,,26,USA,N,M,Unprovoked,2000
1931,,26,USA,N,F,Unprovoked,2000
1932,Fishing,26,USA,N,,Boat,2000
1933,Surfing,48,USA,N,M,Unprovoked,2000
1934,Boogie boarding,18,USA,N,M,Unprovoked,2000
1936,Swimming,8,USA,N,M,Unprovoked,2000
1937,,26,USA,N,,Unprovoked,2000
1938,Floating face-down in knee-deep water,35,USA,N,M,Unprovoked,2000
1939,Swimming,14,USA,N,M,Unprovoked,2000
1940,Spearfishing,52,USA,N,M,Provoked,2000
1942,Wading,29,USA,N,F,Unprovoked,2000
1943,,16,USA,N,M,Unprovoked,2000
1945,Swimming,26,USA,N,M,Unprovoked,2000
1950,Surfing,45,USA,N,M,Unprovoked,2000
1952,Boogie boarding,14,USA,N,M,Unprovoked,2000
1953,Surfing,16,USA,N,M,Unprovoked,2000
1954,Surfing,12,USA,N,M,Unprovoked,2000
1955,,26,USA,N,M,Unprovoked,2000
1956,Surfing,38,USA,N,M,Unprovoked,2000
1957,Surfing,21,USA,N,M,Unprovoked,2000
1958,Body boarding,12,USA,N,M,Unprovoked,2000
1959,Surfing,22,USA,N,M,Unprovoked,2000
1960,Surfing,19,USA,N,M,Unprovoked,2000
1961,Surfing,22,USA,N,M,Unprovoked,2000
1962,Surfing,26,USA,N,M,Unprovoked,2000
1963,Surfing,16,USA,N,,Unprovoked,2000
1966,Standing alongside surfboard,26,USA,N,M,Unprovoked,2000
1969,Body-boarding,26,USA,N,M,Unprovoked,2000
1970,Surfing,26,USA,N,M,Unprovoked,2000
1980,Surfing,26,USA,N,M,Unprovoked,2000
1990,Swimming,73,USA,N,M,Unprovoked,2000
1991,Walking,27,USA,,F,Not confirmed,2000
1994,Surfing,27,USA,N,M,Unprovoked,2000
1996,Surfing,23,USA,N,M,Unprovoked,2000
1997,Swimming / snorkeling,56,USA,N,F,Unprovoked,2000
1998,Swimming,69,USA,N,M,Unprovoked,2000
1999,Surfing,17,USA,N,M,Unprovoked,2000
2000,Surfing,23,USA,N,M,Unprovoked,2000
2001,Body surfing,11,USA,N,M,Unprovoked,2000
2002,Surfing,24,USA,N,M,Unprovoked,2000
2003,Sitting on surfboard,26,USA,N,M,Unprovoked,2000
2008,,26,USA,N,,Unprovoked,2000
2009,Standing / surfing,49,USA,N,M,Unprovoked,2000
2010,Surfing,26,USA,N,F,Unprovoked,2000
2011,Swimming / Body surfing,25,USA,N,M,Unprovoked,2000
2012,Swimming,8,USA,N,M,Unprovoked,2000
2015,Wading,40,USA,N,M,Unprovoked,2000
2018,Swimming,47,USA,N,M,Unprovoked,2000
2019,Jumped into the water,69,USA,Y,M,Unprovoked,2000
2020,Conducting research,26,USA,N,M,Provoked,2000
2021,Swimming out to porpoises ,26,USA,N,M,Unprovoked,2000
2022,"Windsurfing, but sitting on his board",53,USA,N,M,Unprovoked,2000
2023,Surfing / Wading,27,USA,N,M,Unprovoked,2000
2024,Standing,44,USA,N,F,Unprovoked,2000
2025,Swimming ,26,USA,,M,Not confirmed,2000
2026,Attempting to illegally enter the USA,26,USA,,M,Not confirmed,2000
2028,,5,USA,N,M,Unprovoked,2000
2029,Snorkeling,45,USA,N,F,Unprovoked,2000
2030,Surfing,16,USA,N,M,Unprovoked,2000
2031,Surfing,14,USA,N,M,Unprovoked,2000
2036,Wading,13,USA,N,M,Unprovoked,2000
2037,Swimming ,41,USA,N,M,Unprovoked,2000
2038,Jumping,5,USA,N,M,Unprovoked,2000
2039,Playing,12,USA,N,F,Unprovoked,2000
2040,Wading,20,USA,N,F,Unprovoked,2000
2041,"Spearfishing, holding mesh bag with speared fish",55,USA,N,F,Unprovoked,2000
2042,Wading,13,USA,N,F,Unprovoked,2000
2043,Standing,19,USA,N,F,Unprovoked,2000
2047,Standing,52,USA,N,M,Unprovoked,2000
2048,Sailing,26,USA,N,,Boat,2000
2049,Surfing,17,USA,N,M,Unprovoked,2000
2050,Swimming,55,USA,N,M,Unprovoked,2000
2051,Swimming ,44,USA,N,M,Unprovoked,2000
2052,Snorkeling,13,USA,N,M,Unprovoked,2000
2058,Walking,34,USA,N,M,Unprovoked,2000
2059,Boogie boarding / wading,26,USA,N,M,Unprovoked,2000
2060,Fishing,26,USA,N,M,Unprovoked,2000
2062,Boogie boarding,14,USA,N,F,Unprovoked,2000
2063,Surfing,37,USA,N,M,Unprovoked,2000
2070,Spearfishing,39,USA,N,M,Unprovoked,2000
2071,,27,USA,N,M,Unprovoked,2000
2078,Fishing for tarpon,26,USA,N,M,Boat,2000
2083,Scuba diving,26,USA,,M,Not confirmed,1990
2085,Surfing,35,USA,N,M,Unprovoked,1990
2086,Surfing,19,USA,N,M,Unprovoked,1990
2087,Swimming,51,USA,N,F,Unprovoked,1990
2088,Surfing (sitting on his board),26,USA,N,M,Unprovoked,1990
2093,Body boarding,45,USA,N,M,Unprovoked,1990
2094,Body surfing,13,USA,N,M,Unprovoked,1990
2095,Surfing,26,USA,N,M,Unprovoked,1990
2096,"Surfing, lying on surfboard",16,USA,N,M,Unprovoked,1990
2097,Wading to shore after surfing,22,USA,N,M,Unprovoked,1990
2099,Kayaking,37,USA,N,M,Unprovoked,1990
2100,Wading,61,USA,N,F,Unprovoked,1990
2101,Wading,10,USA,N,F,Unprovoked,1990
2102,Surfing,13,USA,N,M,Unprovoked,1990
2103,Wading,7,USA,N,M,Provoked,1990
2104,Wading with surfboard,39,USA,N,M,Unprovoked,1990
2105,Surfing,28,USA,N,M,Unprovoked,1990
2106,Surfing,26,USA,N,M,Unprovoked,1990
2108,Surfing,17,USA,N,M,Unprovoked,1990
2109,Lying prone in 2' of water,10,USA,N,M,Unprovoked,1990
2110,Body surfing,62,USA,N,M,Unprovoked,1990
2113,Swimming with dolphins,43,USA,N,M,Unprovoked,1990
2114,Surfing,43,USA,N,M,Unprovoked,1990
2116,,26,USA,N,M,Unprovoked,1990
2117,Wading in school of baitfish,30,USA,N,F,Unprovoked,1990
2119,Adrift in a life jacket,20,USA,N,M,Unprovoked,1990
2120,Surfing,21,USA,N,M,Unprovoked,1990
2121,Swimming,41,USA,N,M,Unprovoked,1990
2122,Splashing / wading,5,USA,N,M,Unprovoked,1990
2127,Surfing,14,USA,N,M,Unprovoked,1990
2130,"Swimming, towing a kayak",29,USA,Y,F,Unprovoked,1990
2133,Body surfing or body boarding,18,USA,N,M,Unprovoked,1990
2134,Swimming near pod of whales,29,USA,N,F,Unprovoked,1990
2135,Cruising,26,USA,N,,Boat,1990
2137,Surfing,25,USA,N,M,Unprovoked,1990
2144,Body surfing,26,USA,,M,Not confirmed,1990
2145,Surfing,19,USA,N,M,Provoked,1990
2150,Swimming,9,USA,Y,M,Unprovoked,1990
2151,Surfing,14,USA,N,M,Unprovoked,1990
2152,Walking,13,USA,N,M,Unprovoked,1990
2153,Surfing,32,USA,N,M,Unprovoked,1990
2156,Swimming,17,USA,N,F,Unprovoked,1990
2158,Surfing,26,USA,N,M,Unprovoked,1990
2161,,28,USA,N,M,Unprovoked,1990
2162,Surfing,6,USA,N,M,Unprovoked,1990
2163,Surfing,18,USA,N,M,Unprovoked,1990
2165,Surfing,28,USA,N,M,Unprovoked,1990
2167,Surfing,26,USA,N,M,Unprovoked,1990
2169,Boogie boarding,16,USA,N,M,Unprovoked,1990
2170,Spearfishing,26,USA,N,M,Unprovoked,1990
2172,Body-boarding,11,USA,N,M,Unprovoked,1990
2177,Surfing,13,USA,N,M,Unprovoked,1990
2183,Surfing,18,USA,N,M,Unprovoked,1990
2188,Surfing,40,USA,N,M,Unprovoked,1990
2189,Swimming,14,USA,N,F,Unprovoked,1990
2190,Swimming / surfing,24,USA,N,M,Unprovoked,1990
2193,Surfing (lying prone on his board),50,USA,N,M,Unprovoked,1990
2194,Scuba diving,16,USA,N,M,Provoked,1990
2197,Swimming,40,USA,N,M,Unprovoked,1990
2199,Swimming or paddle boarding,32,USA,N,M,Unprovoked,1990
2200,Swimming,26,USA,N,M,Unprovoked,1990
2209,Spearfishing on scuba & transferring fish onto a stringer,26,USA,N,M,Unprovoked,1990
2212,,29,USA,,F,Not confirmed,1990
2213,Swimming,8,USA,N,M,Unprovoked,1990
2215,Swimming,32,USA,N,M,Unprovoked,1990
2218,Body boarding or surfing,19,USA,N,M,Unprovoked,1990
2219,Surfing,23,USA,N,M,Unprovoked,1990
2220,Surfing,12,USA,N,M,Unprovoked,1990
2222,Swimming,14,USA,N,F,Unprovoked,1990
2224,Surfing,12,USA,N,M,Unprovoked,1990
2225,Surfing,17,USA,N,,Unprovoked,1990
2226,Surfing,20,USA,N,M,Unprovoked,1990
2227,Surfing,18,USA,N,M,Unprovoked,1990
2228,Walking / surfing,22,USA,N,M,Unprovoked,1990
2229,Surfing (sitting on his board),29,USA,N,M,Unprovoked,1990
2232,Floating on raft,12,USA,N,F,Unprovoked,1990
2235,Boogie boarding,17,USA,N,M,Unprovoked,1990
2236,Surfing,26,USA,N,M,Unprovoked,1990
2237,Wading,10,USA,N,F,Unprovoked,1990
2238,Wade-fishing,26,USA,N,M,Unprovoked,1990
2239,Body surfing,17,USA,N,M,Unprovoked,1990
2240,Wading / Surfing,19,USA,N,M,Unprovoked,1990
2244,Standing,50,USA,N,M,Unprovoked,1990
2247,Spearfishing / night diving,26,USA,N,M,Unprovoked,1990
2249,Surfing,18,USA,N,M,Unprovoked,1990
2251,"Body surfing, stood up on sandbar",33,USA,N,M,Unprovoked,1990
2252,Spearfishing,35,USA,N,M,Unprovoked,1990
2253,Surfing,34,USA,N,M,Unprovoked,1990
2254,Surfing,12,USA,N,M,Unprovoked,1990
2260,,26,USA,U,M,Unprovoked,1990
2271,Surfing,45,USA,N,M,Unprovoked,1990
2272,Surfing,26,USA,N,M,Unprovoked,1990
2276,Surfing,22,USA,N,M,Unprovoked,1990
2277,Surfing,21,USA,N,M,Unprovoked,1990
2278,Surfing,31,USA,N,M,Unprovoked,1990
2280,Swimming,14,USA,N,M,Unprovoked,1990
2282,Surfing / Swimming,19,USA,N,M,Unprovoked,1990
2283,Standing,5,USA,N,M,Unprovoked,1990
2284,Sitting on surfboard,28,USA,N,M,Unprovoked,1990
2285,Boogie boarding,28,USA,,F,Not confirmed,1990
2287,Body Boarding,19,USA,N,M,Unprovoked,1990
2288,Free diving for abalone,36,USA,N,M,Unprovoked,1990
2289,Wade fishing,21,USA,N,M,Unprovoked,1990
2290,Standing,8,USA,N,F,Unprovoked,1990
2293,Swimming,46,USA,N,M,Unprovoked,1990
2294,Swimming,9,USA,N,M,Unprovoked,1990
2295,,26,USA,U,,Unprovoked,1990
2296,,18,USA,N,M,Unprovoked,1990
2297,Standing,63,USA,N,F,Unprovoked,1990
2299,Body surfing,24,USA,N,F,Unprovoked,1990
2304,Surfing,22,USA,N,M,Unprovoked,1990
2306,Surfing,27,USA,N,M,Unprovoked,1990
2307,,26,USA,U,M,Unprovoked,1990
2314,Swimming in fish tank,32,USA,N,F,Provoked,1990
2320,Wading,33,USA,N,M,Provoked,1990
2322,Swimming with mask & snorkel,53,USA,N,M,Unprovoked,1990
2327,Surfing,26,USA,N,M,Unprovoked,1990
2328,,26,USA,U,M,Unprovoked,1990
2330,,26,USA,,M,Not confirmed,1990
2333,Boogie boarding,13,USA,N,M,Unprovoked,1990
2334,Surfing,17,USA,N,M,Unprovoked,1990
2336,Surfing,39,USA,N,M,Unprovoked,1990
2337,Surfing,14,USA,N,M,Unprovoked,1990
2338,Surfing,17,USA,N,M,Unprovoked,1990
2339,Windsurfing,25,USA,N,M,Unprovoked,1990
2340,Surfing,19,USA,N,M,Unprovoked,1990
2341,Swimming,19,USA,N,F,Unprovoked,1990
2343,Scuba diving,25,USA,Y,M,Unprovoked,1990
2345,Abalone diving using Hookah (resting on the surface),32,USA,N,M,Unprovoked,1990
2346,Swimming,9,USA,,M,Not confirmed,1990
2347,Surfing,19,USA,N,M,Unprovoked,1990
2348,On a float,44,USA,N,M,Unprovoked,1990
2350,Surfing,16,USA,N,M,Unprovoked,1990
2351,Surfing,18,USA,N,M,Unprovoked,1990
2352,Swimming,16,USA,N,M,Unprovoked,1990
2353,Swimming ,23,USA,N,M,Unprovoked,1990
2354,Surfing,19,USA,N,M,Unprovoked,1990
2355,Diving,26,USA,N,,Unprovoked,1990
2357,Wading,20,USA,N,M,Unprovoked,1990
2358,Swimming,15,USA,,M,Not confirmed,1990
2359,Surfing,20,USA,N,M,Unprovoked,1990
2360,"""Riding waves on a board""",14,USA,N,F,Unprovoked,1990
2361,Body boarding,12,USA,N,M,Unprovoked,1990
2363,Diving,26,USA,,M,Not confirmed,1990
2364,Surfing,26,USA,N,M,Unprovoked,1990
2365,Surfing,26,USA,N,M,Unprovoked,1990
2366,Surfing,18,USA,N,M,Unprovoked,1990
2367,Standing,18,USA,N,M,Unprovoked,1990
2368,,12,USA,N,M,Unprovoked,1990
2369,Swimming,7,USA,N,F,Unprovoked,1990
2370,Body boarding,47,USA,N,M,Unprovoked,1990
2373,Surfing,34,USA,N,M,Unprovoked,1990
2374,Fishing,32,USA,N,F,Provoked,1990
2375,Jumped off surfboard & landed on the shark,26,USA,N,M,Provoked,1990
2376,Scuba diving (ascending using scooter),31,USA,N,M,Unprovoked,1990
2377,Kayaking,26,USA,N,F,Unprovoked,1990
2378,Playing / jumping,13,USA,N,M,Unprovoked,1990
2379,Surfing,26,USA,N,M,Unprovoked,1990
2380,Swimming,45,USA,N,M,Unprovoked,1990
2381,Swimming,10,USA,N,F,Unprovoked,1990
2382,Swimming,38,USA,N,M,Unprovoked,1990
2386,Surfing,15,USA,N,M,Unprovoked,1990
2390,,12,USA,,M,Not confirmed,1990
2391,,20,USA,N,M,Unprovoked,1990
2403,Scuba diving,26,USA,,M,Not confirmed,1990
2404,,26,USA,U,M,Unprovoked,1990
2406,"Surfing, sitting on board",26,USA,N,,Unprovoked,1990
2411,Commercial diver (submerged or treading water),42,USA,Y,M,Unprovoked,1990
2414,"Surfing, paddling seawards",34,USA,N,F,Unprovoked,1990
2415,Surfing,26,USA,N,,Unprovoked,1990
2418,Wading,9,USA,N,F,Provoked,1990
2419,Surfing,16,USA,N,M,Unprovoked,1990
2420,Swimming,30,USA,N,F,Unprovoked,1990
2421,Surfing,43,USA,N,M,Unprovoked,1990
2422,Adrift on refugee raft,26,USA,Y,M,Sea Disaster,1990
2423,Jumped off rocks into white water,12,USA,N,F,Unprovoked,1990
2431,Surfing,15,USA,N,M,Unprovoked,1990
2433,Surfing,24,USA,N,M,Unprovoked,1990
2434,Surfing,28,USA,N,M,Unprovoked,1990
2435,Spearfishing,35,USA,N,M,Unprovoked,1990
2436,Wading,36,USA,N,F,Unprovoked,1990
2437,Wading,26,USA,N,M,Unprovoked,1990
2438,Surfing,22,USA,N,M,Unprovoked,1990
2439,,25,USA,,F,Not confirmed,1990
2442,Freediving for seashells,71,USA,N,M,Unprovoked,1990
2446,Removing shark from tank in nightclub ,33,USA,N,M,Provoked,1990
2449,Surfing,23,USA,N,M,Unprovoked,1990
2450,Fishing,26,USA,N,M,Provoked,1990
2454,Surfing,26,USA,Y,M,Unprovoked,1990
2460,Surfing,26,USA,N,M,Unprovoked,1990
2461,Surfing,26,USA,Y,M,Unprovoked,1990
2462,Swimming,30,USA,N,M,Unprovoked,1990
2464,"Surfing, paddling shorewards",26,USA,N,M,Unprovoked,1990
2466,Surfing,26,USA,N,M,Unprovoked,1990
2467,Swimming,26,USA,N,F,Unprovoked,1990
2468,Kayaking,34,USA,N,F,Boat,1990
2469,Surfing,26,USA,N,,Unprovoked,1990
2474,Wading,19,USA,N,M,Unprovoked,1990
2475,,16,USA,N,M,Unprovoked,1990
2478,Surfing,13,USA,N,,Unprovoked,1990
2479,"Surfing, paddling seawards",26,USA,N,M,Unprovoked,1990
2480,Watching the shark feeding on a dead pinniped,26,USA,N,,Boat,1990
2481,Riding floatation device,19,USA,N,F,Unprovoked,1990
2483,Free diving for abalone (ascending),39,USA,N,M,Unprovoked,1990
2487,Playing,12,USA,N,F,Unprovoked,1990
2492,Paddling on surfboard or body board,22,USA,N,M,Unprovoked,1990
2496,Swimming,26,USA,N,F,Unprovoked,1990
2501,Floating on his back,25,USA,N,M,Unprovoked,1990
2503,Paddling on surfboard,35,USA,N,M,Unprovoked,1990
2504,Free diving & spearfishing (ascending),55,USA,N,M,Unprovoked,1990
2512,Surfing,29,USA,N,M,Unprovoked,1990
2516,Snorkeling,26,USA,N,,Unprovoked,1990
2517,"Standing in waist-deep water, helping his father tend a gill net containing dead fish",10,USA,N,M,Unprovoked,1990
2518,Lying on surfboard,30,USA,N,M,Unprovoked,1990
2519,Spearfishing / free diving,31,USA,N,M,Unprovoked,1990
2520,Surfing,19,USA,N,M,Unprovoked,1990
2521,Surfing,24,USA,N,M,Unprovoked,1990
2522,Kayaking,46,USA,N,M,Boat,1990
2524,Scuba diving (submerged),40,USA,N,M,Unprovoked,1990
2525,Surfing,17,USA,N,M,Unprovoked,1990
2526,Body boarding,18,USA,Y,M,Unprovoked,1990
2527,Hookah diving for sea urchins,40,USA,N,M,Unprovoked,1990
2528,Surfing,28,USA,N,M,Unprovoked,1990
2533,Surfing,20,USA,N,M,Unprovoked,1990
2534,Standing,18,USA,N,F,Unprovoked,1990
2536,Surf fishing,26,USA,N,M,Unprovoked,1990
2539,Fell from cliff while fishing & disappeared in strong current,26,USA,,M,Not confirmed,1990
2540,Surfing,22,USA,N,M,Unprovoked,1990
2541,Snorkeling,26,USA,N,M,Provoked,1990
2542,Fisherman,26,USA,,M,Not confirmed,1990
2543,"Zosimo & his son, Jeffrey Popa, failed to return from overnight fishing trip in a 14' boat, Boat apparently sank, debris recovered but his son & boat were never found",26,USA,,M,Not confirmed,1990
2544,Standing,42,USA,N,F,Unprovoked,1990
2552,Scuba diving ,45,USA,,M,Not confirmed,1990
2557,"Surfing, paddling seawards",36,USA,N,F,Unprovoked,1990
2561,Surfing (sitting on his board),21,USA,N,M,Unprovoked,1990
2562,Body boarding,26,USA,Y,M,Unprovoked,1990
2573,Hookah diving for sea urchins,25,USA,N,M,Unprovoked,1990
2574,Snorkeling,41,USA,Y,F,Unprovoked,1990
2575,Snorkeling,26,USA,N,F,Unprovoked,1990
2576,"Fishing from rocks, swept out to sea by large wave & treading water",26,USA,Y,M,Unprovoked,1990
2577,Fishing,26,USA,N,M,Provoked,1990
2579,Surfing,21,USA,N,M,Unprovoked,1990
2580,Surfing,32,USA,N,M,Unprovoked,1990
2584,Swimming,23,USA,N,M,Unprovoked,1990
2585,Wading,10,USA,N,F,Unprovoked,1990
2586,Fishing,26,USA,N,M,Provoked,1990
2588,Snorkeling,39,USA,N,M,Unprovoked,1990
2589,Swimming from makeshift raft  to life vest after fishing boat sank,42,USA,N,M,Unprovoked,1990
2590,Swimming,22,USA,N,M,Unprovoked,1990
2592,Surfing,32,USA,N,M,Unprovoked,1990
2593,Boogie boarding,13,USA,N,M,Unprovoked,1990
2596,Surfing,18,USA,N,M,Unprovoked,1990
2597,Swimming behind sailboat,31,USA,N,M,Unprovoked,1990
2599,Sitting on surfboard,23,USA,N,M,Unprovoked,1990
2602,Diving,26,USA,N,,Provoked,1990
2603,"Surfing, collided with shark",22,USA,N,M,Unprovoked,1990
2604,Sitting on surfboard,26,USA,N,M,Unprovoked,1990
2606,Surfing,38,USA,N,M,Unprovoked,1990
2613,Scuba diving (but on surface),26,USA,N,F,Unprovoked,1990
2614,Surfing,24,USA,N,M,Unprovoked,1990
2615,Surfing,50,USA,N,M,Unprovoked,1990
2616,Surfing,18,USA,N,M,Unprovoked,1990
2619,Surfing,25,USA,N,M,Unprovoked,1990
2620,Surfing,43,USA,N,M,Unprovoked,1990
2621,Surfing,19,USA,N,M,Unprovoked,1990
2623,"Free diving / spearfishing, from paddleboard & floating on the surface",49,USA,N,M,Unprovoked,1990
2624,Kayaking,44,USA,N,M,Boat,1990
2625,SCUBA diving,30,USA,,M,Not confirmed,1990
2626,Surfing,22,USA,N,M,Unprovoked,1990
2627,Surfing,26,USA,N,M,Unprovoked,1990
2628,Wade fishing,18,USA,N,M,Unprovoked,1990
2629,Wading,53,USA,N,F,Unprovoked,1990
2630,Surfing,17,USA,N,M,Unprovoked,1990
2642,Sitting on surfboard,26,USA,N,M,Unprovoked,1990
2645,Scuba diving & spearfishing,26,USA,Y,M,Unprovoked,1990
2646,Board sailing,33,USA,N,M,Unprovoked,1990
2647,Surfing (sitting on his board),26,USA,N,M,Unprovoked,1990
2648,Surfing,17,USA,U,M,Unprovoked,1990
2649,On board 51' fishing vessel One Ki,26,USA,N,M,Provoked,1980
2654,"Wading, knocked down & swept away by large waves",26,USA,,M,Not confirmed,1980
2658,Scuba diving,26,USA,,M,Not confirmed,1980
2659,Surfing,12,USA,N,M,Unprovoked,1980
2660,Diving,49,USA,,M,Not confirmed,1980
2663,"Fishing, stepped on hooked shark's head",51,USA,N,M,Provoked,1980
2664,Observing a shark feeding on a carcass of a humpback whale,26,USA,N,,Boat,1980
2665,Hookah diving for abalone (descending),38,USA,N,M,Unprovoked,1980
2666,Surfing,31,USA,N,M,Unprovoked,1980
2667,Filming 5' blue shark,46,USA,N,M,Provoked,1980
2669,Swimming,21,USA,N,M,Unprovoked,1980
2677,Surfing,16,USA,N,M,Unprovoked,1980
2678,Playing ,9,USA,N,F,Unprovoked,1980
2679,Fell off surfboard 20' from shore,26,USA,N,M,Unprovoked,1980
2680,Spearfishing,45,USA,N,M,Unprovoked,1980
2685,Swimming,19,USA,N,M,Unprovoked,1980
2686,Surfing (lying prone on his board),26,USA,N,M,Unprovoked,1980
2687,,26,USA,N,,Boat,1980
2688,Paddling on surfboard,26,USA,N,M,Unprovoked,1980
2689,Paddling on surfboard,26,USA,N,M,Unprovoked,1980
2695,Kayaking,24,USA,,M,Not confirmed,1980
2696,Kayaking,24,USA,Y,F,Unprovoked,1980
2697,Body boarding,10,USA,N,M,Unprovoked,1980
2699,Swimming in strong current with 3 others when he disappeared,26,USA,Y,M,Unprovoked,1980
2702,Spearfishing using scuba & trailing a string of bleeding fish,26,USA,N,M,Unprovoked,1980
2707,Surfing (sitting on his board),21,USA,N,M,Unprovoked,1980
2709,Surfing,15,USA,N,M,Unprovoked,1980
2710,Surfing,30,USA,N,M,Unprovoked,1980
2711,Surfing,23,USA,N,M,Unprovoked,1980
2713,Wading,23,USA,N,F,Unprovoked,1980
2714,Surfing,21,USA,N,M,Unprovoked,1980
2715,Walking,26,USA,N,F,Unprovoked,1980
2716,Snorkeling,38,USA,Y,M,Unprovoked,1980
2717,Diving in Sharkey's Reef restaurants aquarium,26,USA,N,M,Provoked,1980
2720,Surfing,27,USA,N,M,Unprovoked,1980
2724,Swimming,15,USA,N,F,Unprovoked,1980
2725,Boogie boarding,37,USA,N,M,Unprovoked,1980
2729,Scuba diving,42,USA,N,M,Unprovoked,1980
2730,Sittting in water with his child,37,USA,N,M,Unprovoked,1980
2731,Swimming,12,USA,N,M,Unprovoked,1980
2732,Surfing,25,USA,N,M,Unprovoked,1980
2734,Surfing,31,USA,N,M,Unprovoked,1980
2735,Surfing / treading water,29,USA,N,M,Unprovoked,1980
2737,Surfing,26,USA,N,M,Unprovoked,1980
2738,Swimming,24,USA,N,M,Unprovoked,1980
2739,Onboard 21' powerboat that capsized in rough seas,26,USA,,M,Not confirmed,1980
2740,Surfing,14,USA,N,M,Unprovoked,1980
2741,Windsurfing,26,USA,N,M,Unprovoked,1980
2743,Standing ,30,USA,N,F,Unprovoked,1980
2744,Body surfing,26,USA,N,M,Unprovoked,1980
2754,Fishing,26,USA,N,M,Provoked,1980
2759,Surfing,16,USA,N,M,Unprovoked,1980
2761,Surfing,15,USA,N,M,Unprovoked,1980
2763,Surfing,20,USA,N,M,Unprovoked,1980
2769,Wading,12,USA,N,M,Unprovoked,1980
2770,Surfing (sitting on his board),40,USA,N,M,Unprovoked,1980
2771,Surfing,27,USA,N,M,Unprovoked,1980
2772,Body surfing,32,USA,N,F,Unprovoked,1980
2773,Wading,16,USA,N,F,Unprovoked,1980
2774,Dropping anchor,26,USA,N,,Boat,1980
2777,Fishing,26,USA,N,M,Provoked,1980
2778,,12,USA,N,M,Unprovoked,1980
2779,Surfing,26,USA,N,M,Unprovoked,1980
2782,Swimming,16,USA,N,F,Unprovoked,1980
2783,Swimming from shore to anchored sailboat,26,USA,Y,M,Unprovoked,1980
2787,Windsurfing,26,USA,N,M,Unprovoked,1980
2795,Surfing,40,USA,N,M,Unprovoked,1980
2797,Free diving  & spearfishing (submerged),27,USA,N,M,Unprovoked,1980
2800,Surfing,17,USA,N,M,Unprovoked,1980
2801,Surfing,26,USA,N,M,Unprovoked,1980
2802,Surfing,23,USA,N,M,Unprovoked,1980
2804,Swimming,6,USA,N,F,Unprovoked,1980
2807,Surfing,28,USA,N,M,Unprovoked,1980
2808,,26,USA,,,Not confirmed,1980
2809,Surfing,26,USA,N,,Unprovoked,1980
2810,Surfing,18,USA,N,,Unprovoked,1980
2811,Surfing,16,USA,N,,Unprovoked,1980
2816,,8,USA,N,M,Unprovoked,1980
2820,"Fishing, fell from rocks & disappeared",26,USA,Y,M,Unprovoked,1980
2830,Surfing,22,USA,N,M,Unprovoked,1980
2831,Surfing,16,USA,N,M,Unprovoked,1980
2833,,26,USA,N,M,Unprovoked,1980
2835,Boat,26,USA,N,,Boat,1980
2836,Fishing,24,USA,N,M,Provoked,1980
2838,Hookah diving for abalone,46,USA,N,M,Unprovoked,1980
2839,Body boarding,33,USA,N,M,Unprovoked,1980
2840,Floating on inner tube after diving for lobster,24,USA,N,M,Unprovoked,1980
2841,Fishing,26,USA,N,M,Provoked,1980
2842,Free diving & spearfishing (descending),26,USA,N,M,Unprovoked,1980
2844,Scuba diving,26,USA,N,M,Unprovoked,1980
2845,Swimming,17,USA,,M,Not confirmed,1980
2846,Wading,87,USA,N,M,Unprovoked,1980
2847,Wading,11,USA,,M,Not confirmed,1980
2848,Scuba diving,67,USA,,M,Not confirmed,1980
2849,Wading,13,USA,N,F,Unprovoked,1980
2850,Surfing,15,USA,N,M,Unprovoked,1980
2851,Bottom fishing for lingcod & had hooked a fish,26,USA,N,,Boat,1980
2852,Playing in knee-deep water,10,USA,N,F,Unprovoked,1980
2854,"Surfing, but lying prone on his board",26,USA,N,M,Unprovoked,1980
2856,Surfing,25,USA,N,M,Unprovoked,1980
2858,Scuba Diving for lobster (at surface),29,USA,N,M,Unprovoked,1980
2859,Surfing,16,USA,N,M,Unprovoked,1980
2871,Surfing,13,USA,N,M,Unprovoked,1980
2872,Spearfishing,29,USA,N,M,Provoked,1980
2873,Swimming,22,USA,,M,Not confirmed,1980
2874,Surfing or body surfing,23,USA,N,F,Unprovoked,1980
2875,Wading,77,USA,,F,Not confirmed,1980
2876,Surfing,15,USA,N,M,Unprovoked,1980
2877,Surfing (sitting on his board),25,USA,N,M,Unprovoked,1980
2878,"Free diving , but surfacing",26,USA,N,M,Unprovoked,1980
2879,Surfing,17,USA,N,M,Unprovoked,1980
2880,Swimming,26,USA,N,M,Unprovoked,1980
2881,Surfing,16,USA,N,M,Unprovoked,1980
2882,Swimming,26,USA,U,,Unprovoked,1980
2883,Wading,26,USA,N,M,Unprovoked,1980
2884,Skindiving,28,USA,Y,M,Unprovoked,1980
2886,Boat capsized?,31,USA,,F,Not confirmed,1980
2888,Swimming,13,USA,N,F,Unprovoked,1980
2889,Swimming,18,USA,N,F,Unprovoked,1980
2891,"During a shark fishing tournament, the 18' Boatem was capsized by waves, throwing 3 men into the water ",30,USA,N,M,Unprovoked,1980
2894,Towing her sister on plastic ski board,13,USA,N,F,Unprovoked,1980
2907,Steinhart Aquarium,26,USA,N,M,Provoked,1980
2908,Surfing,26,USA,N,M,Unprovoked,1980
2910,Surfing,17,USA,N,M,Unprovoked,1980
2916,Surfing,15,USA,N,M,Unprovoked,1980
2918,Surfing,16,USA,N,M,Unprovoked,1980
2919,Wading,20,USA,N,M,Unprovoked,1980
2920,Standing,15,USA,N,M,Unprovoked,1980
2921,Surfing,26,USA,N,M,Unprovoked,1980
2923,Swimming,14,USA,N,F,Unprovoked,1980
2924,Skindiving,14,USA,N,M,Provoked,1980
2925,Diving,22,USA,N,F,Unprovoked,1980
2926,Fishing,26,USA,N,,Boat,1980
2931,Windsurfing,39,USA,N,F,Unprovoked,1980
2933,Floating on air mattress,17,USA,N,M,Unprovoked,1980
2934,Swimming,42,USA,N,M,Unprovoked,1980
2936,Surfing & dangling foot in water amid baitfish,21,USA,N,M,Unprovoked,1980
2940,Water-skiing,21,USA,N,M,Unprovoked,1980
2941,Surfing,15,USA,N,M,Unprovoked,1980
2942,Surfing,22,USA,N,M,Unprovoked,1980
2943,Surfing,26,USA,U,M,Unprovoked,1980
2945,Surfing,16,USA,N,M,Unprovoked,1980
2949,Surfing,26,USA,N,M,Unprovoked,1980
2952,Fishing,43,USA,N,M,Provoked,1980
2958,Fishing,26,USA,N,M,Provoked,1980
2959,In waist-deep water,26,USA,N,M,Unprovoked,1980
2960,Windsurfing,26,USA,N,M,Unprovoked,1980
2963,Surfing,20,USA,N,M,Unprovoked,1980
2964,Diving,36,USA,N,M,Unprovoked,1980
2965,Free diving for abalone from Zodiac (submerged),28,USA,N,M,Unprovoked,1980
2966,,26,USA,,M,Not confirmed,1980
2968,Surfing,17,USA,,M,Not confirmed,1980
2973,Paddle Boarding,26,USA,N,M,Unprovoked,1980
2974,Swimming,17,USA,N,M,Unprovoked,1980
2975,Swimming,43,USA,,M,Not confirmed,1980
2976,Swimming,19,USA,N,F,Unprovoked,1980
2979,Swimming,20,USA,N,M,Unprovoked,1980
2981,,8,USA,N,F,Unprovoked,1980
2982,"Sailboarding, fell into water 100 yards outside the breakwater",26,USA,N,M,Unprovoked,1980
2983,,26,USA,,F,Not confirmed,1980
2984,Surfing,16,USA,N,M,Unprovoked,1980
2988,Surfing,18,USA,N,M,Unprovoked,1980
2990,Wading,26,USA,N,F,Unprovoked,1980
2991,Swimming,26,USA,N,F,Unprovoked,1980
2992,Swimming,75,USA,Y,F,Unprovoked,1980
2993,Scuba diving (submerged),26,USA,N,M,Unprovoked,1980
2994,Diving,29,USA,Y,M,Unprovoked,1980
2999,Surfing,24,USA,Y,M,Unprovoked,1980
3001,"Spearfishing, but swimming on surface",26,USA,N,M,Unprovoked,1980
3004,Diving to untangle a crab trap line from boat's propeller,59,USA,N,M,Unprovoked,1980
3005,Swimming,19,USA,N,M,Unprovoked,1980
3006,Surfing,26,USA,U,M,Unprovoked,1980
3007,Surfing,17,USA,N,M,Unprovoked,1980
3008,Surfing,24,USA,N,M,Unprovoked,1980
3009,Surfing,28,USA,N,M,Unprovoked,1980
3010,Surfing,26,USA,N,M,Unprovoked,1980
3011,Swimming,26,USA,Y,M,Unprovoked,1980
3012,Surfing,25,USA,N,M,Unprovoked,1980
3013,Surfing,24,USA,N,M,Unprovoked,1980
3014,Surfing,15,USA,N,M,Unprovoked,1980
3015,Spearfishing,19,USA,N,M,Provoked,1980
3016,Fishing,26,USA,,M,Not confirmed,1980
3017,Diving,26,USA,N,M,Unprovoked,1980
3018,"16' catamaran capsized previous night, occupants stayed with wreckage until morning, then attempted to swim ashore",19,USA,Y,F,Unprovoked,1980
3020,Swimming,16,USA,N,F,Unprovoked,1980
3022,Spearfishing,26,USA,N,M,Unprovoked,1980
3025,,26,USA,,M,Not confirmed,1980
3026,"Scuba diving, reportedly also spearfishing",26,USA,Y,M,Unprovoked,1980
3029,Free diving,32,USA,N,M,Unprovoked,1980
3030,Diving,26,USA,N,M,Unprovoked,1980
3035,Standing / Wading,19,USA,N,M,Unprovoked,1980
3036,Surfing,24,USA,N,M,Unprovoked,1980
3042,Surfing,15,USA,N,M,Unprovoked,1980
3044,Commercial spearfishing,25,USA,N,M,Unprovoked,1980
3054,Surfing,29,USA,N,M,Unprovoked,1980
3055,Surfing,19,USA,N,M,Unprovoked,1980
3057,Wading,10,USA,N,F,Unprovoked,1980
3058,Resting on body board,26,USA,N,M,Unprovoked,1980
3060,Body surfing,15,USA,N,M,Unprovoked,1980
3061,Standing,22,USA,N,F,Unprovoked,1980
3062,Surfing,26,USA,N,M,Unprovoked,1980
3063,Surfing,26,USA,N,M,Unprovoked,1980
3064,Scuba diving,44,USA,N,F,Provoked,1980
